Movement,Vacc,Vacc,Vacc,Vacc,Vacc,Vacc,Vacc,Vacc,Vacc,Vacc,Vacc,Vacc,Vacc,Vacc,Vacc,Vacc,Vacc,Vacc,Vacc,Vacc,Vacc,Vacc,Vacc,Vacc,Vacc,Vacc,Vacc,Vacc,Vacc,Vacc,Vacc,Vacc,Vacc,Vacc,Vacc,Vacc,Vacc,Vacc,Vacc,Vacc,Vacc,Vacc,Vacc,Vacc,Vacc,Vacc,Vacc,Vacc,Vacc,Vacc,Vacc,Vacc,Vacc,Vacc,Vacc,Vacc,Vacc,Vacc,Vacc,Vacc,Vacc,Vacc,Vacc,Vacc,Vacc,Vacc,Vacc,Vacc,Vacc,Vacc,Vacc,Vacc,Vacc,Vacc,Vacc,Vacc,Vacc,Vacc,Vacc,Vacc,Vacc,Vacc,Vacc,Vacc,Vacc,Vacc,Vacc,Vacc,Vacc,Vacc,Vacc,Vacc,Vacc,Vacc,Vacc,Vacc,Vacc,Vacc,Vacc,Vacc,Vacc,Vacc,Vacc,Vacc,Vacc,Vacc,Vacc,Vacc,Vacc,Vacc,Vacc,Vacc,Vacc,Vacc,Vacc,Vacc,Vacc,Vacc,Vacc,Vacc,Vacc,Vacc,Vacc,Vacc,Vacc,Vacc,Vacc,Vacc,Vacc,Vacc,Vacc,Vacc,Vacc,Vacc,Vacc,Vacc,Vacc,Vacc,Vacc,Vacc,Vacc,Vacc,Vacc,Vacc,Vacc,Vacc,Vacc,Vacc,Vacc,Vacc,Vacc,Vacc,Vacc,Vacc,Vacc,Vacc,Vacc,Vacc,Vacc,Vacc,Vacc,Vacc,Vacc,Vacc,Vacc,Vacc,Vacc,Vacc,Vacc,Vacc,Vacc,Vacc,Vacc,Vacc,Vacc,Vacc,Vacc,Vacc,Vacc,Vacc,Vacc,Vacc,Vacc,Vacc,Vacc,Vacc,Vacc,Vacc,Vacc,Vacc,Vacc,Vacc,Vacc,Vacc,Vacc,Vacc,Vacc,Vacc,Vacc,Vacc,Vacc,Vacc,Vacc,Vacc,Vacc,Vacc,Vacc,Vacc,Vacc,Vacc,Vacc,Vacc,Vacc,Vacc,Vacc,Vacc,Vacc,Vacc,Vacc,Vacc,Vacc,Vacc,Vacc,Vacc,Vacc,Vacc,Vacc,Vacc,Vacc,Vacc,Vacc,Vacc,Vacc,Vacc,Vacc,Vacc,Vacc,Vacc,Vacc,Vacc,Vacc,Vacc,Vacc,Vacc,Vacc,Vacc,Vacc,Vacc,Vacc,Vacc,Vacc,Vacc,Vacc,Vacc,Vacc,Vacc,Vacc,Vacc,Vacc,Vacc,Vacc,Vacc,Vacc,Vacc,Vacc,Vacc,Vacc,Vacc,Vacc,Vacc,Vacc,Vacc,Vacc,Vacc,Vacc,Vacc,Vacc,Vacc,Vacc,Vacc,Vacc,Vacc,Vacc,Vacc,Vacc,Vacc,Vacc,Vacc,Vacc,Vacc,Vacc,Vacc,Vacc,Vacc,Vacc,Vacc,Vacc,Vacc,Vacc,Vacc,Vacc,Vacc,Vacc,Vacc,Vacc,Vacc,Vacc,Vacc,Vacc,Vacc,Vacc,Vacc,Vacc,Vacc,Vacc,Vacc,Vacc,Vacc,Vacc,Vacc,Vacc,Vacc,Vacc,Vacc,Vacc,Vacc,Vacc,Vacc,Vacc,Vacc,Vacc,Vacc,Vacc,Vacc,Vacc,Vacc,Vacc,Vacc,Vacc,Vacc,Vacc,Vacc,Vacc,Vacc,Vacc,Vacc,Vacc,Vacc,Vacc,Vacc,Vacc,Vacc,Vacc,Vacc,Vacc,Vacc,Vacc,Vacc,Vacc,Vacc,Vacc,Vacc,Vacc,Vacc,Vacc,Vacc,Vacc,Vacc,Vacc,Vacc,Vacc,Vacc,Vacc,Vacc,Vacc,Vacc,Vacc,Vacc,Vacc,Vacc,Vacc,Vacc,Vacc,Vacc,Vacc,Vacc,Vacc,Vacc,Vacc,Vacc,Vacc,Vacc,Vacc,Vacc,Vacc,Vacc,Vacc,Vacc,Vacc,Vacc,Vacc,Vacc,Vacc,Vacc,Vacc,Vacc,Vacc,Vacc,Vacc,Vacc,Vacc,Vacc,Vacc,Vacc,Vacc,Vacc,Vacc,Vacc,Vacc,Vacc,Vacc,Vacc,Vacc,Vacc,Vacc,Vacc,Vacc,Vacc,Vacc,Vacc,Vacc,Vacc,Vacc,Vacc,Vacc,Vacc,Vacc,Vacc,Vacc,Vacc,Vacc,Vacc,Vacc,Vacc,Vacc,Vacc,Vacc,Vacc,Vacc,Vacc,Vacc,Vacc,Vacc,Vacc,Vacc,Vacc,Vacc,Vacc,Vacc,Vacc,Vacc,Vacc,Vacc,Vacc,Vacc,Vacc,Vacc,Vacc,Vacc,Vacc,Vacc,Vacc,Vacc,Vacc,Vacc,Vacc,Vacc,Vacc,Vacc,Vacc,Vacc,Vacc,Vacc,Vacc,Vacc,Vacc,Vacc,Vacc,Vacc,Vacc,Vacc,Vacc,Vacc,Vacc,Vacc,Vacc,Vacc,Vacc,Vacc,Vacc,Vacc,Vacc,Vacc,Vacc,Vacc,Vacc,Vacc,Vacc,Vacc,Vacc,Vacc,Vacc,Vacc,Vacc,Vacc,Vacc,Vacc,Vacc,Vacc,Vacc,Vacc,Vacc,Vacc,Vacc,Vacc,Vacc,Vacc,Vacc,Vacc,Vacc,Vacc,Vacc,Vacc,Vacc,Vacc,Vacc,Vacc,Vacc,Vacc,Vacc,Vacc,Vacc,Vacc,Vacc,Vacc,Vacc,Vacc,Vacc,Vacc,Vacc,Vacc,Vacc,Vacc,Vacc,Vacc,Vacc,Vacc,Vacc,Vacc,Vacc,Vacc,Vacc,Vacc,Vacc,Vacc,Vacc,Vacc,Vacc,Vacc,Vacc,Vacc,Vacc,Vacc,Vacc,Vacc,Vacc,Vacc,Vacc,Vacc,Vacc,Vacc,Vacc,Vacc,Vacc,Vacc,Vacc,Vacc,Vacc,Vacc,Vacc,Vacc,Vacc,Vacc,Vacc,Vacc,Vacc,Vacc,Vacc,Vacc,Vacc
downstairs,0.58597,0.57524,0.63847,0.60396,0.55801,0.57218,0.62672,0.59836,0.61381,0.58711,0.59521,0.57234,0.58763,0.54382,0.59773,0.60055,0.66870,0.56022,0.58439,0.57370,0.59879,0.50681,0.52541,0.54080,0.64083,0.61688,0.63838,0.54794,0.64890,0.57241,0.62936,0.62604,0.64919,0.50306,0.52012,0.57058,0.52835,0.62154,0.65543,0.69810,0.65127,0.66970,0.56325,0.55011,0.53869,0.59022,0.55007,0.57486,0.60921,0.54564,0.57921,0.65463,0.61073,0.63425,0.71336,0.72069,0.67461,0.60158,0.62730,0.51632,0.60800,0.53505,0.54941,0.64375,0.57100,0.58577,0.51009,0.59074,0.60839,0.65836,0.61405,0.51102,0.55441,0.55168,0.55893,0.60365,0.61424,0.54140,0.69053,0.54491,0.68496,0.68244,0.62684,0.71713,0.62834,0.61515,0.51723,0.70799,0.68026,0.58952,0.62795,0.56125,0.54150,0.61584,0.61337,0.66976,0.65292,0.55218,0.53077,0.65404,0.62204,0.58507,0.57526,0.57151,0.59331,0.51637,0.64443,0.68368,0.71456,0.68988,0.57373,0.65585,0.63156,0.53844,0.59364,0.69251,0.63437,0.65615,0.61566,0.59900,0.54851,0.61677,0.61710,0.56646,0.69822,0.71989,0.56832,0.55165,0.57601,0.58013,0.56009,0.56172,0.59510,0.63602,0.64412,0.58003,0.64076,0.55137,0.65537,0.54939,0.70989,0.58624,0.53220,0.55325,0.54298,0.60461,0.57078,0.69351,0.53002,0.63770,0.58333,0.53696,0.59948,0.63163,0.66985,0.65563,0.56216,0.53789,0.65108,0.57642,0.59080,0.71185,0.59322,0.57736,0.67988,0.62479,0.65453,0.62624,0.68923,0.62249,0.59581,0.56891,0.60203,0.58900,0.52186,0.69520,0.62078,0.73919,0.67704,0.60464,0.70830,0.62392,0.63718,0.62390,0.55309,0.61710,0.61610,0.65431,0.55006,0.60425,0.70142,0.69407,0.63463,0.65159,0.58745,0.54055,0.58360,0.62723,0.52806,0.65530,0.64337,0.64589,0.69839,0.66809,0.65902,0.59262,0.55839,0.67637,0.61455,0.64986,0.59645,0.64941,0.74286,0.65313,0.61822,0.62485,0.53154,0.58697,0.72447,0.66378,0.66451,0.64255,0.67988,0.63642,0.59814,0.63900,0.60808,0.61287,0.61223,0.63634,0.51839,0.51423,0.57822,0.61162,0.59678,0.59424,0.57804,0.57035,0.53926,0.54232,0.53893,0.60906,0.56566,0.57651,0.54639,0.67918,0.61233,0.59837,0.62334,0.62388,0.56755,0.52139,0.65273,0.59060,0.67253,0.57315,0.59148,0.53266,0.53770,0.56779,0.54799,0.63796,0.55516,0.60566,0.58068,0.55091,0.53179,0.56753,0.56366,0.66936,0.55756,0.55631,0.59836,0.57625,0.58687,0.61946,0.60177,0.64036,0.60924,0.61981,0.56408,0.52195,0.60083,0.58555,0.55730,0.49889,0.54530,0.55270,0.53650,0.61711,0.62300,0.68976,0.55104,0.55637,0.55255,0.65456,0.66329,0.59298,0.55051,0.53218,0.53773,0.62834,0.61424,0.64754,0.61094,0.63546,0.60279,0.52931,0.58126,0.54065,0.55396,0.65227,0.63383,0.50264,0.53613,0.52160,0.59190,0.60381,0.55817,0.56319,0.76157,0.63654,0.63900,0.63655,0.61849,0.68910,0.58257,0.59284,0.63708,0.82198,0.58743,0.59075,0.60349,0.60762,0.63552,0.65105,0.67432,0.61259,0.59689,0.61227,0.58155,0.59255,0.69949,0.77408,0.64210,0.58945,0.52955,0.58978,0.60784,0.61248,0.56594,0.54754,0.56821,0.67008,0.66995,0.58026,0.57927,0.61217,0.69021,0.59085,0.66544,0.65734,0.65300,0.56254,0.66747,0.64349,0.65539,0.59961,0.58398,0.60053,0.64351,0.61217,0.72482,0.65448,0.57560,0.53909,0.54409,0.56780,0.57720,0.58729,0.59678,0.70055,0.62327,0.48923,0.63262,0.70622,0.60510,0.63589,0.61548,0.64352,0.61912,0.64365,0.61862,0.70238,0.65027,0.54014,0.53277,0.60940,0.56172,0.58450,0.58845,0.64521,0.56738,0.58686,0.64928,0.57006,0.62178,0.52293,0.67351,0.59085,0.56949,0.52628,0.54817,0.61350,0.63032,0.60359,0.59185,0.59075,0.56121,0.73441,0.70594,0.58066,0.51528,0.47752,0.45755,0.40464,0.53461,0.56855,0.52728,0.56228,0.55149,0.64268,0.62633,0.50938,0.66463,0.59832,0.58005,0.59041,0.62036,0.50828,0.53982,0.59671,0.49926,0.55679,0.56031,0.68855,0.52161,0.61886,0.58497,0.55222,0.53697,0.47498,0.52578,0.59136,0.57585,0.62577,0.57689,0.48588,0.55274,0.64501,0.54597,0.53056,0.60750,0.57153,0.50028,0.44383,0.50665,0.57857,0.55206,0.49238,0.70476,0.55835,0.66570,0.55554,0.51367,0.61969,0.62665,0.54299,0.57328,0.50359,0.48832,0.59274,0.57499,0.69388,0.62586,0.58664,0.53242,0.47912,0.51062,0.58673,0.64099,0.55114,0.53497,0.61406,0.63235,0.63803,0.63502,0.59603,0.68858,0.61539,0.56197,0.56631,0.65994,0.67191,0.61630,0.68987,0.61463,0.61611,0.51849,0.64827,0.61348,0.64613,0.60352,0.59162,0.49123,0.51624,0.61613,0.73639,0.59607,0.59245,0.58296,0.60024,0.52476,0.57469,0.58548,0.53239,0.58652,0.59431,0.50594,0.64245,0.74888,0.61097,0.54079,0.48294,0.56714,0.56725,0.56744,0.57450,0.53551,0.57504,0.58587,0.71217,0.52521,0.55012,0.52088,0.56807,0.52250,0.54073,0.52122,0.54497,0.58132,0.54687,0.59435,0.61764,0.57677,0.55424,0.52756,0.44167,0.46423,0.53695,0.60926,0.56192,0.57377,0.52963,0.48369,0.69893,0.61011,0.69484,0.66562,0.51164,0.53214,0.56489,0.52358,0.56636,0.51649,0.51331,0.53570,0.66633,0.62641,0.61768,0.73395,0.92431,1.21416,0.79053,0.53820,0.57357,0.59973,0.66921,0.56842,0.58789,0.58247,0.58383,0.61814,0.74029,0.93945,0.81405,0.72939,0.69821,0.50586,0.57062,
downstairs,0.38757,0.34564,0.42640,0.39490,0.43453,0.39190,0.63017,0.32857,0.45026,0.38834,0.60006,0.33015,0.44743,0.39553,0.42599,0.39291,0.54341,0.45682,0.52090,0.45063,0.41425,0.32086,0.34413,0.37099,0.53888,0.41311,0.52491,0.26206,0.56484,0.30384,0.53813,0.58931,0.70840,0.27230,0.33365,0.43292,0.32156,0.34593,0.46905,0.52014,0.56708,0.53843,0.42256,0.36422,0.40613,0.34654,0.39720,0.32644,0.47898,0.32357,0.36491,0.57097,0.48191,0.40077,0.81425,0.61016,0.54387,0.38542,0.46263,0.45790,0.51838,0.35631,0.33604,0.51298,0.40190,0.41713,0.38994,0.35455,0.44049,0.44153,0.38346,0.26531,0.63246,0.37245,0.46532,0.54977,0.35858,0.32581,0.53572,0.28137,0.54453,0.50054,0.38554,0.89672,0.56022,0.50513,0.25128,0.55151,0.57076,0.28760,0.57315,0.32467,0.28609,0.37406,0.41833,0.41709,0.61072,0.32189,0.29918,0.58861,0.34693,0.35905,0.36164,0.45227,0.38570,0.31677,0.44764,0.55482,0.49691,0.47233,0.46137,0.46416,0.42542,0.29064,0.50428,0.64955,0.37873,0.36717,0.42503,0.33864,0.33392,0.47228,0.40119,0.42961,0.54468,0.61191,0.33060,0.35067,0.41374,0.36221,0.38031,0.27042,0.40235,0.42306,0.52274,0.31066,0.55603,0.36260,0.51481,0.29191,0.54751,0.33997,0.31037,0.33719,0.31480,0.41374,0.36059,0.67773,0.27740,0.57293,0.34118,0.26940,0.45122,0.38080,0.37170,0.40278,0.31106,0.32936,0.47149,0.35157,0.58150,0.75636,0.43838,0.36353,0.51655,0.46916,0.45928,0.31945,0.49397,0.45335,0.42838,0.36259,0.40723,0.42655,0.29250,0.49832,0.42401,0.59201,0.47424,0.37666,0.56617,0.46322,0.47975,0.44004,0.27954,0.40517,0.45087,0.42521,0.36162,0.53278,0.55063,0.41777,0.47860,0.39394,0.42139,0.37496,0.46933,0.47912,0.33794,0.47674,0.37527,0.44166,0.69490,0.43490,0.46704,0.37078,0.34546,0.44594,0.41500,0.37782,0.31727,0.51823,0.64500,0.39871,0.38267,0.39235,0.32432,0.36863,0.56510,0.38710,0.55362,0.72485,0.58010,0.42404,0.53805,0.47771,0.26764,0.36483,0.42219,0.53146,0.26500,0.40259,0.41385,0.40408,0.45688,0.37960,0.47546,0.44578,0.40617,0.39303,0.32334,0.46671,0.33208,0.44457,0.33384,0.51056,0.37904,0.45514,0.50346,0.44113,0.47074,0.33069,0.71532,0.35450,0.47964,0.38060,0.43142,0.32706,0.42260,0.40016,0.30433,0.57362,0.35057,0.42047,0.42176,0.39289,0.33054,0.32963,0.39705,0.61537,0.40285,0.38509,0.55975,0.33896,0.33547,0.50907,0.43017,0.43039,0.51879,0.37382,0.42236,0.29401,0.43747,0.35925,0.37415,0.45988,0.36364,0.42904,0.31609,0.46188,0.40627,0.81103,0.33479,0.31976,0.36634,0.48065,0.57387,0.42349,0.43777,0.27474,0.48558,0.41669,0.42230,0.37320,0.55444,0.99403,0.57577,0.33368,0.40694,0.33374,0.37163,0.51831,0.46565,0.43481,0.38820,0.34795,0.30574,0.39091,0.46961,0.42921,1.21559,0.48304,0.37824,0.37336,0.33877,0.49283,0.35880,0.35526,0.41136,1.13584,0.35396,0.37195,0.39210,0.44320,0.38299,0.48268,0.51253,0.34240,0.36115,0.37199,0.36948,0.42682,0.53712,0.81021,0.37705,0.40597,0.37297,0.48871,0.50342,0.51070,0.31401,0.33865,0.40607,0.40247,0.57666,0.51573,0.33963,0.43170,0.66666,0.31038,0.46609,0.59706,0.48192,0.35258,0.49030,0.41227,0.50218,0.43581,0.38142,0.40459,0.55438,0.37233,0.62231,0.51969,0.37271,0.31806,0.30679,0.38235,0.31501,0.31883,0.42127,0.70692,0.42528,0.28191,0.51265,0.55441,0.38511,0.28544,0.51462,0.40718,0.34211,0.35634,0.51906,0.57135,0.51422,0.31956,0.36701,0.49773,0.34408,0.47473,0.57390,0.53930,0.37188,0.32497,0.47094,0.38272,0.54559,0.27325,0.50012,0.42095,0.23145,0.29649,0.36413,0.41609,0.42057,0.33937,0.39374,0.41208,0.34025,0.74534,0.46553,0.46402,0.30052,0.29816,0.24700,0.22226,0.29989,0.32511,0.34931,0.26685,0.32123,0.43261,0.38457,0.32267,0.67401,0.34584,0.35946,0.36113,0.39071,0.26957,0.34534,0.38031,0.30337,0.36541,0.40548,0.56310,0.28565,0.48375,0.84618,0.31629,0.30976,0.29287,0.36254,0.44860,0.38345,0.52871,0.36732,0.32504,0.43963,0.60406,0.35732,0.25338,0.94308,0.46500,0.35878,0.25312,0.40783,0.43708,0.35760,0.26389,0.61339,0.27228,0.50713,0.46330,0.36099,0.46111,0.44950,0.40358,0.53071,0.43234,0.22873,0.33634,0.39152,0.66179,0.77480,0.41240,0.35461,0.28499,0.34603,0.35614,0.42841,0.33585,0.27816,0.54440,0.55970,0.40222,0.50057,0.46948,0.64477,0.50393,0.32711,0.31239,0.40691,0.49953,0.37726,0.49248,0.48048,0.34962,0.39115,0.56185,0.40591,0.49743,0.40600,0.48026,0.22899,0.31076,0.52295,0.59376,0.40275,0.45465,0.38770,0.51767,0.32139,0.35428,0.35072,0.23452,0.45488,0.31496,0.27566,0.36786,0.48345,0.64324,0.32464,0.34095,0.45944,0.40206,0.54755,0.47422,0.29914,0.27567,0.36322,0.68287,0.54547,0.34250,0.26742,0.47064,0.32695,0.34830,0.33905,0.31441,0.36250,0.32631,0.38469,0.40341,0.45689,0.45780,0.44808,0.23977,0.29234,0.29113,0.37850,0.42705,0.44363,0.27293,0.34288,0.49815,0.40708,0.43046,0.44662,0.28070,0.30319,0.35648,0.30402,0.33630,0.33773,0.31476,0.37458,0.42329,0.49351,0.37048,0.48980,0.81200,1.18005,0.56972,0.25848,0.35835,0.31132,0.39437,0.36540,0.28518,0.32680,0.41058,0.33105,0.36092,0.69488,0.45311,0.42123,0.58159,0.43450,0.29219,
downstairs,0.60061,
jogging,1.33861,1.56762,1.33273,1.12091,1.40024,1.42541,1.39132,1.23805,1.43928,1.51565,1.46891,1.40880,1.49199,1.48287,1.39646,1.39929,1.60116,1.31099,1.49362,1.58156,1.41176,1.45466,1.55083,1.42916,1.50325,1.32558,1.30777,1.69033,1.55492,1.30242,1.54740,1.55371,1.50071,1.44418,1.46883,1.59280,1.64129,1.50113,1.60981,1.31908,1.56844,1.50437,1.80455,1.44499,1.35254,1.29483,1.59722,1.65863,1.46943,1.51366,1.45913,1.57510,1.47523,1.54179,1.48250,1.49144,1.46500,1.38803,1.44685,1.46136,1.70633,1.44591,1.46351,1.58950,1.40600,1.51973,1.57237,1.62637,1.39071,1.34975,1.87665,1.26810,1.55832,1.50790,1.37537,1.33069,1.37940,1.54707,1.91917,1.52626,1.49857,1.61845,1.38027,1.40575,1.50743,1.64684,1.68751,1.44151,1.89981,1.52404,1.68107,1.35277,1.44438,1.55140,1.57214,1.65803,1.72341,1.45814,1.46632,1.38037,1.51545,1.59697,1.40457,1.50738,1.83208,1.67919,1.36432,1.54346,1.47128,1.37733,1.34049,1.53262,1.63561,1.47006,1.35465,1.61157,1.36157,1.30666,1.77583,1.38202,1.58436,1.63252,1.56141,1.53077,1.38147,1.48682,1.44100,1.48872,1.57153,1.54407,1.52636,1.55565,1.40815,1.40704,1.41921,1.42238,1.46662,1.51738,1.66673,1.42054,1.32038,1.59966,1.51852,1.60821,1.46208,1.57532,1.56940,1.59923,1.46109,1.65716,1.38772,1.40474,1.42424,1.40208,1.64521,1.37947,1.36801,1.68323,1.51352,1.30003,1.64273,1.54790,1.54736,1.50747,1.62020,1.45370,1.37307,1.45607,1.72056,1.54821,1.39298,1.41132,1.40649,1.41323,1.43244,1.53522,1.36903,1.25115,1.49685,1.78153,1.35655,1.26468,1.30251,1.38902,1.50847,1.55544,1.48240,1.54697,1.21752,1.28674,1.52470,1.26759,1.46978,1.48456,1.47705,1.34360,1.48510,1.72656,1.34755,1.27805,1.41721,1.28156,1.38626,1.30958,1.32071,1.27067,1.47753,1.37010,1.32482,1.42598,1.50089,1.38916,1.36629,1.68613,1.27363,1.38150,1.64688,1.31110,1.32703,1.42605,1.49484,1.55237,1.19986,1.51306,1.71060,1.46436,1.25950,1.41423,1.75716,1.15465,1.49177,1.44084,1.45247,1.32325,1.44853,1.71145,1.34536,1.34821,1.27581,1.49070,1.16984,1.40230,1.48864,1.43968,1.31769,1.34439,1.45116,1.58004,1.33858,1.50113,1.39159,1.42147,1.39473,1.39024,1.54686,1.33673,1.37057,1.35341,1.49351,1.37277,1.37488,1.39239,1.69151,1.30822,1.32665,1.39602,1.31300,1.31098,1.72395,1.56718,1.37250,1.49442,1.23751,1.86469,1.26450,1.29509,1.32192,1.41953,1.31852,1.54210,1.43093,1.53158,1.42378,1.46082,1.38813,1.13807,1.53147,1.48427,1.48315,1.49315,1.45635,1.47865,1.54301,1.37104,1.45237,1.31471,1.26962,1.71791,1.45692,1.31149,1.42247,1.40054,1.42254,1.37604,1.40311,1.40110,1.53881,1.21889,1.40033,1.33224,1.43159,1.59649,1.54029,1.53771,1.29832,1.72339,1.43453,1.41848,1.37994,1.42554,1.65085,1.38428,1.57627,1.55944,1.32478,1.56869,1.65603,1.25887,1.45144,1.37813,1.77825,1.53255,1.35691,1.47447,1.38307,1.30237,1.66664,1.25233,1.25187,1.50722,1.53559,1.53668,1.73349,1.30733,1.57230,1.57546,1.31040,1.43305,1.68480,1.74946,1.49882,1.48615,1.54826,1.43648,1.29011,1.35686,1.28176,1.63488,1.41928,1.87811,1.65702,1.24483,1.40515,1.58258,1.23175,1.57256,1.64361,1.64065,1.37715,1.58363,1.60843,1.36629,1.48382,1.34293,1.36564,1.38883,1.73858,1.48539,1.65887,1.45982,1.44218,1.31199,1.29834,1.57649,1.45083,1.34976,1.73789,1.58421,1.74387,1.44242,1.74641,1.35626,1.47279,1.44687,1.37895,1.49658,1.56053,1.56434,1.64582,1.28271,1.46364,1.60095,1.29408,1.74510,1.26724,1.78325,1.70745,1.37164,1.54227,1.74532,1.33006,1.27079,1.45732,1.48977,1.67574,1.52702,1.61165,1.56059,1.64540,1.32412,1.55333,1.34259,1.38811,1.85582,1.41046,1.44527,1.31107,1.72504,1.41164,1.22233,1.49994,1.61502,1.60119,1.62996,1.56334,1.34378,1.44178,1.33650,1.44620,1.54370,1.21155,1.79073,1.48551,1.40200,1.61617,1.49890,1.36952,1.63300,1.60210,1.34798,1.33813,1.50900,1.59651,1.52977,1.55651,1.85636,1.36219,1.39329,1.37628,1.42106,1.19939,1.47723,1.52915,1.49900,1.47523,1.75555,1.51242,1.58412,1.48148,1.35207,1.43288,1.74148,1.79416,1.49269,1.44047,1.35810,1.39668,1.26343,1.42905,1.67291,1.40541,1.66504,1.51345,1.45617,1.37382,1.63331,1.48516,1.51573,1.47642,1.76692,1.56704,1.40039,1.45962,1.39941,1.41106,1.50590,1.81665,1.62951,1.37535,1.32901,1.63681,1.47740,1.61992,1.67260,1.43896,1.60825,1.87365,1.41588,1.48058,1.51143,1.20775,1.43465,1.60870,1.41213,1.55506,1.27139,1.47784,1.75225,1.38102,1.63210,1.74059,1.43916,1.59650,1.50202,1.66160,1.48752,1.59048,1.45603,1.63913,1.71816,1.64128,1.73277,1.42494,1.31554,1.42066,1.66160,1.58587,1.31201,1.55355,1.65145,1.76224,1.57694,1.36633,1.31685,1.46062,1.53401,1.44810,1.66080,1.56435,1.34253,1.40535,1.47894,1.59002,1.36005,1.66238,1.48781,1.29367,1.40024,1.60633,1.26332,1.28764,1.92964,1.38377,1.42541,1.55388,1.62863,1.54219,1.27178,1.32239,1.44434,1.34234,1.58116,1.37332,1.55038,1.36385,1.52453,1.48046,1.46853,1.71162,1.44507,1.39673,1.20690,1.50247,1.28694,1.61893,1.41991,1.38505,1.29818,1.42856,1.45663,1.34480,1.52040,1.51916,1.26980,1.34936,1.72310,1.22985,1.42656,1.43367,1.66351,
jogging,0.99831,1.01955,0.99122,0.66350,1.07644,0.98001,0.88617,0.76879,1.16944,1.44749,1.08277,0.99897,1.20259,1.05691,0.78875,1.01060,1.21710,0.93486,1.19041,1.09402,0.65948,1.18300,1.31878,0.78480,0.84207,0.71611,0.83333,1.38001,1.08889,0.84927,1.11205,1.12387,0.66907,0.73236,0.87919,0.92406,1.37607,0.91354,0.91541,0.73530,0.94389,1.20244,1.23115,0.81037,0.77722,0.70149,1.17933,1.19204,1.12050,1.25909,0.87458,0.75316,0.99433,1.04832,0.78969,0.59840,0.74522,0.84853,0.71072,0.79812,1.35823,0.72145,0.72031,0.97412,0.69461,1.01094,0.91322,1.11913,0.76178,0.71681,1.25036,0.61444,0.79609,1.07102,0.99249,0.81332,0.74912,0.76835,1.35511,0.84238,1.02516,0.87211,0.78290,1.02834,1.08408,1.02139,0.83736,0.73034,1.74382,0.94613,1.19948,0.59402,0.80366,1.47235,0.71036,0.87137,1.08722,0.81147,0.86131,0.76735,0.96546,1.19888,0.99286,0.80640,1.09002,1.30279,0.95140,0.83639,0.74860,0.71115,0.68477,1.08208,0.86641,0.79233,0.83568,0.99540,0.76462,0.72960,1.31410,0.68284,0.91970,1.14321,1.13094,0.87388,0.96809,1.08635,0.73408,0.82607,1.08334,1.00336,0.88287,1.01461,0.72394,0.62953,0.99089,0.59110,0.88527,1.16102,1.00524,1.04009,0.70425,1.06861,0.93030,1.11129,0.94177,0.88117,0.87963,1.28252,0.92558,1.16297,0.84368,0.70138,0.94965,0.77692,0.97701,1.01590,0.79943,1.38246,0.97063,0.70719,0.91918,0.87210,1.01126,0.82260,0.85438,0.66636,0.85369,1.02333,0.96198,0.93826,1.17535,0.82570,0.90286,0.86166,0.91787,0.85643,0.73794,0.77705,0.90064,1.08369,0.60279,0.84029,0.69058,0.70360,0.91442,1.15078,0.80625,1.04153,0.81593,0.79951,0.98934,0.68568,0.85086,0.73245,1.14094,0.89098,0.82668,1.09441,0.77487,0.68665,0.85517,0.61035,0.73335,0.66569,0.76609,0.66505,1.02022,0.94523,0.75950,0.85951,0.84363,0.85479,0.73535,1.19935,0.53669,0.82776,0.95478,0.65815,0.81347,1.13729,0.65448,1.11539,0.67064,1.08806,1.18566,1.08154,0.77759,0.89908,1.15445,0.59511,1.14136,0.70341,0.75031,0.68139,0.77325,1.40758,0.55328,0.90033,0.74070,0.87947,0.60437,0.84897,0.82875,0.94574,0.75616,0.80849,0.71496,1.34972,0.77217,1.02628,0.65403,0.72962,0.64741,0.84860,0.97269,0.87574,0.80454,0.84171,1.12518,0.62433,0.51855,0.77942,1.32497,0.93337,0.75939,0.68894,0.82554,0.86019,1.15930,0.86925,0.67447,0.88103,0.74241,1.27908,0.80546,0.90703,0.64920,0.82569,0.78507,1.08717,0.83179,1.43272,0.96795,0.76704,0.80417,0.80512,1.25063,0.87182,1.04224,1.32626,1.01622,0.93890,1.23736,0.98848,0.69072,0.70918,0.70518,1.32276,0.90635,1.15317,0.91927,0.94003,0.77684,0.66963,1.03091,0.81390,1.06851,0.63179,0.65766,0.99369,1.04990,0.97292,0.79882,0.90278,1.07005,1.26771,0.75833,0.82646,0.82755,0.84700,1.05897,0.66699,0.95897,1.00578,0.63356,0.93593,1.10591,0.60519,0.95087,0.91321,0.98806,0.69636,0.65277,0.94730,0.77343,0.67118,1.28827,1.09608,0.70619,0.92167,1.35845,0.90717,1.48340,0.75321,1.04684,0.86969,0.98740,0.91871,1.03232,1.06075,0.86416,0.98969,0.93345,0.85983,0.62478,0.84344,0.61176,1.24078,0.90967,1.39309,1.00384,0.68189,0.67732,1.16052,0.72322,0.80472,1.02734,1.27522,0.64536,1.08397,0.98002,0.90215,0.91916,0.61672,0.79696,0.94150,1.23642,1.18914,1.33631,0.66986,0.97564,0.68499,0.61170,1.07545,1.06920,0.64583,1.33349,0.94378,1.22822,0.80852,1.12848,0.78889,1.03884,0.90067,0.65596,1.03329,1.17382,0.84090,0.85614,0.58600,0.68109,0.96647,0.64310,1.54060,0.73928,1.20603,1.14889,0.72748,0.79656,0.95136,0.98731,0.77353,0.83532,0.94278,1.25368,0.98981,0.72748,1.35087,1.08959,0.62895,1.02012,0.77641,0.85535,1.45984,0.83474,0.85683,0.64451,1.40677,0.89037,0.60436,0.73424,0.93113,1.25623,0.94471,0.75368,0.60341,0.77445,0.78921,0.59960,1.07009,0.75432,1.13584,0.88234,0.84648,1.38195,0.79670,0.75101,1.21615,0.98530,0.55865,0.70531,1.02812,0.86611,0.97303,0.81246,1.37533,0.55428,0.75227,0.89745,0.98847,0.69165,0.87955,0.79197,0.97842,0.65780,1.34005,0.78076,0.91248,0.80278,0.71655,0.94010,1.19810,1.20612,0.90789,0.59554,0.68759,0.86811,1.33404,0.79531,1.22071,0.83636,1.03938,0.71621,0.69894,0.74888,1.04332,0.94799,1.03704,0.89155,1.26126,1.03644,0.74203,0.76839,0.73070,0.76445,1.04758,1.29064,1.19183,0.59636,0.73152,0.89578,0.61441,1.12293,0.92219,1.11913,0.95551,1.26905,0.75360,0.56620,0.99484,0.57850,0.95624,0.96209,0.93241,1.10771,0.60806,0.88664,1.01811,0.65928,0.92496,1.16977,0.79639,0.98998,1.06344,0.98754,0.83172,0.95307,0.79345,1.49978,1.24810,1.62409,1.24149,0.66639,0.59273,0.76820,1.04072,0.84765,0.59683,0.75827,1.12883,1.33501,1.20664,0.93688,0.64224,1.07325,1.07777,0.98236,1.30833,1.03739,0.80928,0.71542,0.71583,0.64510,0.56225,0.80976,0.86656,0.65325,0.80758,0.95309,0.58636,0.70731,1.72539,0.75506,0.82074,1.24561,1.16344,0.59669,0.70264,0.70191,0.78933,0.69447,0.86624,0.64120,1.43120,1.13811,1.03913,0.95440,0.74819,1.06912,1.07866,0.67062,0.70704,1.13064,0.86345,1.09368,0.95017,0.77224,0.72942,0.76316,0.66995,0.62308,1.45125,0.98030,0.70961,0.62393,0.97267,0.58675,0.90111,0.57018,0.96459,
jogging,1.47843,
sitDown,0.07165,0.05940,0.05358,0.04862,0.05563,0.05391,0.05590,0.08782,0.08644,0.06048,0.05987,0.05838,0.05372,0.05510,0.05971,0.06265,0.05622,0.05287,0.05062,0.05159,0.05032,0.04920,0.04395,0.05026,0.05434,0.04796,0.05167,0.05631,0.06257,0.05682,0.05635,0.06828,0.05185,0.05644,0.05789,0.04850,0.04961,0.04762,0.03534,0.03660,0.03579,0.03944,0.04595,0.04554,0.04606,0.05970,0.07425,0.05263,0.06001,0.05934,0.06160,0.05012,0.04786,0.04407,0.04464,0.03846,0.03361,0.03527,0.04015,0.03289,0.02922,0.03007,0.03112,0.03363,0.03159,0.03085,0.02455,0.02954,0.02880,0.03188,0.02514,0.02453,0.02733,0.02066,0.02292,0.02397,0.02037,0.02332,0.02338,0.02353,0.02314,0.02081,0.02163,0.02416,0.02219,0.02245,0.01929,0.01979,0.02374,0.02335,0.02200,0.02290,0.02153,0.02666,0.02589,0.02093,0.02117,0.02583,0.02334,0.01834,0.02403,0.02366,0.02211,0.02165,0.01828,0.02161,0.02163,0.02259,0.02192,0.02611,0.02577,0.02414,0.02660,0.02187,0.02947,0.02316,0.02346,0.02150,0.02095,0.02210,0.02335,0.02602,0.02214,0.02275,0.02183,0.02390,0.02189,0.02618,0.02824,0.01926,0.02265,0.02155,0.01912,0.02082,0.02073,0.02065,0.01970,0.01878,0.01754,0.02156,0.02245,0.02223,0.02126,0.01851,0.01933,0.01949,0.02062,0.02123,0.02224,0.02019,0.01693,0.01634,0.01724,0.01992,0.01886,0.02233,0.02307,0.02288,0.02635,0.02402,0.01897,0.02177,0.02202,0.02375,0.02327,0.02069,0.01897,0.01993,0.01890,0.01883,0.02023,0.01882,0.01945,0.02103,0.02110,0.02011,0.01918,0.02124,0.01866,0.01992,0.02064,0.02086,0.02136,0.02182,0.02156,0.01945,0.01924,0.02076,0.02044,0.02251,0.02186,0.02012,0.02100,0.02248,0.02148,0.02071,0.02475,0.02873,0.02212,0.02506,0.02307,0.02634,0.02462,0.02621,0.02845,0.02074,0.03058,0.02398,0.02443,0.02041,0.02489,0.02068,0.02567,0.02143,0.02164,0.02151,0.02017,0.02041,0.02193,0.02134,0.02011,0.02102,0.02017,0.01812,0.01800,0.01827,0.01988,0.01872,0.01880,0.02008,0.01869,0.01950,0.02508,0.02124,0.01859,0.02013,0.02115,0.01798,0.01784,0.01854,0.02126,0.01959,0.02027,0.02081,0.02482,0.02223,0.02141,0.01812,0.02313,0.02714,0.02391,0.02280,0.02187,0.02055,0.01880,0.02008,0.02107,0.02271,0.02433,0.02027,0.02039,0.02209,0.02062,0.01912,0.01962,0.02108,0.02125,0.02237,0.02401,0.02352,0.02154,0.02007,0.02001,0.02483,0.02067,0.02145,0.01993,0.01941,0.02262,0.02022,0.01975,0.02066,0.02127,0.02124,0.02106,0.02038,0.02096,0.02161,0.01960,0.02079,0.01931,0.01942,0.02149,0.02143,0.02048,0.02260,0.02140,0.02156,0.02120,0.02212,0.02265,0.01909,0.01967,0.01746,0.01842,0.01996,0.02156,0.02266,0.01937,0.02208,0.01968,0.02227,0.02284,0.02365,0.02223,0.01989,0.02336,0.02297,0.02118,0.02400,0.02424,0.02553,0.02520,0.02322,0.02192,0.02232,0.02274,0.02598,0.03877,0.03873,0.03236,0.02896,0.02409,0.02355,0.02241,0.02523,0.02646,0.02457,0.02987,0.03014,0.03664,0.04071,0.03105,0.03000,0.02397,0.02520,0.02256,0.02249,0.02614,0.02715,0.02528,0.02380,0.02627,0.02319,0.02435,0.02615,0.02711,0.02392,0.02636,0.02549,0.02349,0.02301,0.02227,0.02228,0.02315,0.02686,0.02668,0.02445,0.02609,0.02379,0.02354,0.02364,0.02445,0.02487,0.02492,0.02258,0.02117,0.02010,0.02157,0.02150,0.02103,0.02198,0.02185,0.02117,0.02243,0.02111,0.02279,0.02249,0.02130,0.02123,0.02287,0.02200,0.02203,0.02286,0.02271,0.02281,0.02470,0.02340,0.02419,0.02267,0.02202,0.02416,0.02661,0.02460,0.02239,0.02358,0.02216,0.02342,0.02034,0.02323,0.02512,0.02228,0.02212,0.02235,0.02215,0.02245,0.02150,0.02304,0.02321,0.02209,0.02574,0.02498,0.02224,0.02243,0.02407,0.02122,0.02346,0.02588,0.02679,0.02569,0.02761,0.02552,0.02610,0.02144,0.02157,0.02143,0.02175,0.02169,0.02156,0.02264,0.02204,0.02259,0.02199,0.02124,0.02463,0.02353,0.02245,0.02197,0.02250,0.02316,0.02293,0.02258,0.02208,0.02066,0.02137,0.02258,0.02461,0.02530,0.02262,0.02436,0.02250,0.02350,0.02352,0.02120,0.02259,0.02542,0.02398,0.02299,0.02390,0.02388,0.02319,0.02460,0.02543,0.02840,0.02712,0.02408,0.02189,0.02337,0.02288,0.02348,0.02345,0.02539,0.02400,0.02652,0.02549,0.02690,0.02227,0.02299,0.02304,0.02260,0.02072,0.02112,0.02189,0.02236,0.02319,0.02315,0.02175,0.02054,0.02166,0.02308,0.02330,0.02257,0.02157,0.02133,0.02167,0.02077,0.02153,0.02167,0.02289,0.02226,0.02286,0.02261,0.02158,0.02139,0.02130,0.02216,0.02351,0.02404,0.02282,0.02238,0.02244,0.02149,0.02084,0.02229,0.02183,0.02134,0.02188,0.02171,0.02301,0.02293,0.02313,0.02205,0.02212,0.02110,0.02079,0.02413,0.02288,0.02248,0.02336,0.02235,0.02118,0.02288,0.02411,0.02380,0.02167,0.02131,0.02044,0.02217,0.02316,0.02227,0.02252,0.02316,0.02305,0.02195,0.02129,0.02271,0.02461,0.02261,0.02342,0.02316,0.02437,0.02720,0.02567,0.02483,0.02410,0.02641,0.02430,0.02277,0.02604,0.02372,0.02704,0.02612,0.02341,0.02271,0.02310,0.02440,0.02463,0.02314,0.02321,0.02217,0.02280,0.02144,0.02203,0.02363,0.02404,0.02321,0.02231,0.02361,0.02257,0.02340,0.02019,0.02287,0.02414,0.02236,0.02140,0.02122,0.02151,0.02218,0.02382,0.02427,
sitDown,0.07714,0.06507,0.04549,0.04020,0.04762,0.04499,0.05568,0.17768,0.13720,0.06652,0.06027,0.06194,0.05767,0.05956,0.07917,0.10411,0.07527,0.05691,0.05157,0.05266,0.04967,0.04236,0.03711,0.05058,0.05572,0.04499,0.03853,0.05365,0.06673,0.05648,0.05275,0.10025,0.05147,0.08897,0.08238,0.05696,0.05078,0.06244,0.03836,0.03698,0.03370,0.03925,0.04726,0.05310,0.05049,0.09582,0.13051,0.06372,0.08226,0.07545,0.10701,0.07725,0.05988,0.05572,0.05879,0.04302,0.03153,0.03641,0.04711,0.03507,0.02609,0.03947,0.03333,0.03831,0.03028,0.03771,0.02083,0.03011,0.02735,0.05221,0.02199,0.02398,0.02796,0.01533,0.02189,0.02016,0.01103,0.01785,0.02042,0.01839,0.01641,0.01231,0.01813,0.02410,0.01993,0.02085,0.01485,0.01392,0.02034,0.01893,0.02240,0.02447,0.01920,0.02580,0.02669,0.01632,0.01397,0.03199,0.02274,0.01170,0.02760,0.02399,0.01947,0.01719,0.01299,0.01460,0.01602,0.01644,0.01744,0.02940,0.03074,0.02946,0.02995,0.02607,0.06991,0.03667,0.03716,0.02110,0.02525,0.02382,0.03040,0.04266,0.03699,0.03359,0.03100,0.03586,0.03072,0.06319,0.05586,0.01472,0.03103,0.02572,0.01373,0.01762,0.01951,0.01911,0.01732,0.01162,0.01346,0.02150,0.01938,0.02006,0.01918,0.01429,0.01518,0.01422,0.02138,0.02315,0.02330,0.01735,0.01085,0.01106,0.01288,0.01758,0.01302,0.02335,0.02225,0.02295,0.03923,0.02663,0.01616,0.02913,0.03077,0.04666,0.03615,0.01604,0.01703,0.01744,0.01616,0.01256,0.01290,0.01182,0.01475,0.01655,0.01634,0.01500,0.01290,0.01641,0.01209,0.02005,0.01795,0.01472,0.01607,0.02152,0.02306,0.01268,0.01044,0.01650,0.01216,0.01591,0.01402,0.01196,0.01642,0.01520,0.01962,0.01553,0.02733,0.04469,0.01880,0.03506,0.03204,0.05189,0.03503,0.04127,0.05311,0.01531,0.07458,0.02739,0.03348,0.01485,0.03812,0.01484,0.02624,0.01521,0.01387,0.01335,0.01257,0.01284,0.01534,0.01393,0.01064,0.01360,0.01182,0.01020,0.01047,0.01005,0.01050,0.00941,0.00968,0.01127,0.00933,0.01328,0.04187,0.02210,0.00915,0.01206,0.01499,0.01177,0.01097,0.01117,0.01418,0.01167,0.01014,0.01244,0.02908,0.02300,0.01933,0.01027,0.02106,0.03747,0.02447,0.01841,0.01934,0.01794,0.01341,0.01156,0.01226,0.02020,0.03612,0.01332,0.01244,0.01792,0.01263,0.01111,0.01089,0.01492,0.01309,0.01683,0.02032,0.02058,0.01886,0.01493,0.01352,0.03960,0.02055,0.01820,0.01583,0.01446,0.02688,0.01572,0.01392,0.01384,0.01788,0.01687,0.01754,0.01493,0.01234,0.01971,0.01385,0.01353,0.01158,0.01208,0.01621,0.01618,0.01574,0.02677,0.01847,0.01866,0.01543,0.01838,0.02480,0.01370,0.01532,0.01152,0.01239,0.01237,0.01689,0.02089,0.01239,0.02523,0.01713,0.02620,0.02654,0.02400,0.01988,0.01259,0.02938,0.02519,0.01618,0.02630,0.02833,0.02695,0.02775,0.02514,0.02351,0.02517,0.02001,0.02773,0.11125,0.10186,0.06960,0.04531,0.02323,0.01997,0.01929,0.02331,0.03319,0.03031,0.05916,0.06630,0.07292,0.10861,0.05717,0.04989,0.02858,0.02343,0.02015,0.02076,0.02414,0.02718,0.02200,0.02430,0.02400,0.01730,0.02372,0.02182,0.02690,0.02275,0.02556,0.02435,0.01917,0.01587,0.01852,0.01802,0.01965,0.03513,0.02866,0.01704,0.02238,0.02172,0.02144,0.01950,0.01877,0.01733,0.01802,0.01422,0.01435,0.01379,0.01555,0.01531,0.01529,0.01610,0.01657,0.01561,0.01517,0.01473,0.01781,0.01744,0.01393,0.01463,0.01734,0.01577,0.01623,0.01644,0.01686,0.02086,0.02336,0.02030,0.02005,0.01870,0.01512,0.01911,0.02982,0.03021,0.01717,0.02069,0.01675,0.01754,0.01360,0.02218,0.02664,0.01911,0.01334,0.01605,0.01565,0.01704,0.01492,0.01968,0.02059,0.01601,0.02313,0.02387,0.01720,0.01573,0.02137,0.01523,0.02184,0.03714,0.02680,0.02210,0.03139,0.02030,0.01977,0.01345,0.01464,0.01510,0.01455,0.01431,0.01481,0.01691,0.01662,0.01500,0.01880,0.01293,0.01805,0.01726,0.01681,0.01533,0.01647,0.01718,0.01661,0.01650,0.01426,0.01358,0.01512,0.02228,0.02084,0.02158,0.01723,0.01817,0.01353,0.01635,0.02365,0.01448,0.01556,0.01894,0.01570,0.01846,0.01733,0.02036,0.02044,0.02462,0.02792,0.03016,0.02552,0.02046,0.01975,0.02000,0.01813,0.01916,0.02087,0.02711,0.02279,0.02463,0.02252,0.03030,0.01694,0.01466,0.01625,0.01488,0.01463,0.01517,0.01747,0.01622,0.01570,0.01581,0.01403,0.01380,0.01520,0.01691,0.01485,0.01529,0.01441,0.01511,0.01444,0.01463,0.01538,0.01587,0.01459,0.01558,0.01525,0.01648,0.01527,0.01403,0.01484,0.01515,0.01492,0.01737,0.01677,0.01565,0.01590,0.01557,0.01572,0.01468,0.01478,0.01461,0.01546,0.01468,0.01553,0.01703,0.01580,0.01482,0.01546,0.01376,0.01489,0.01729,0.01606,0.01732,0.01769,0.01425,0.01461,0.01561,0.01541,0.01536,0.01527,0.01459,0.01405,0.01562,0.01614,0.01488,0.01457,0.01682,0.01742,0.01446,0.01300,0.01351,0.01572,0.01535,0.01632,0.01478,0.01622,0.01947,0.01717,0.02199,0.01934,0.02048,0.02385,0.01571,0.02181,0.01739,0.02002,0.02734,0.01898,0.01487,0.01375,0.01493,0.01790,0.01707,0.01550,0.01527,0.01561,0.01586,0.01674,0.01708,0.01666,0.01486,0.01502,0.01731,0.01680,0.01530,0.01527,0.01693,0.01766,0.01577,0.01559,0.01521,0.01634,0.01609,0.01721,0.01719,
sitDown,0.02581,
standUp,0.04641,0.04727,0.04243,0.04495,0.03910,0.04196,0.04934,0.04121,0.04155,0.04173,0.03642,0.03150,0.03336,0.03882,0.04167,0.04041,0.04044,0.04251,0.04626,0.04743,0.04639,0.05024,0.05008,0.05113,0.04405,0.04348,0.04432,0.06345,0.04118,0.05259,0.04604,0.04985,0.04711,0.04185,0.04330,0.04611,0.03911,0.03850,0.04063,0.04902,0.03911,0.04132,0.04362,0.03910,0.04111,0.04312,0.04324,0.04062,0.03765,0.03066,0.03012,0.03400,0.03938,0.03127,0.03122,0.03254,0.03651,0.03314,0.03120,0.03338,0.03068,0.03326,0.03738,0.04378,0.03573,0.03084,0.03094,0.03188,0.03114,0.03428,0.03397,0.03621,0.03573,0.03701,0.03766,0.03712,0.03703,0.03807,0.03707,0.04282,0.03466,0.03509,0.03313,0.03867,0.03246,0.03328,0.03696,0.03045,0.03812,0.03788,0.04061,0.03902,0.03737,0.03552,0.03691,0.03363,0.02405,0.02541,0.03175,0.03270,0.03355,0.02909,0.03358,0.03578,0.04030,0.03544,0.03047,0.02939,0.02539,0.03018,0.03173,0.03212,0.02959,0.02964,0.03428,0.02711,0.02861,0.03079,0.02860,0.03006,0.02907,0.03047,0.03055,0.02851,0.03171,0.03651,0.03182,0.03087,0.03936,0.03201,0.02834,0.02897,0.03101,0.02939,0.03009,0.03121,0.03001,0.03267,0.03668,0.03195,0.02877,0.02543,0.03066,0.03378,0.03478,0.03397,0.02743,0.03110,0.03344,0.03067,0.03255,0.03037,0.03460,0.04054,0.04023,0.04427,0.04415,0.03770,0.03955,0.05074,0.03805,0.03930,0.03809,0.03453,0.03100,0.03414,0.03173,0.02976,0.03494,0.03368,0.03297,0.03265,0.04118,0.03129,0.03385,0.03446,0.03034,0.03203,0.03208,0.03556,0.03040,0.02911,0.02770,0.02920,0.02896,0.02851,0.02845,0.02817,0.02941,0.03307,0.03565,0.03317,0.03459,0.02817,0.02680,0.02635,0.02652,0.02877,0.03320,0.03035,0.02612,0.03084,0.03271,0.03813,0.03792,0.03821,0.03068,0.03162,0.03255,0.03325,0.03409,0.03474,0.02752,0.02691,0.02470,0.02473,0.02678,0.02748,0.02941,0.03299,0.03472,0.03693,0.03680,0.03880,0.03760,0.03375,0.03479,0.02630,0.03604,0.03541,0.04216,0.03994,0.03550,0.03600,0.03682,0.03317,0.03522,0.03714,0.03600,0.03643,0.04542,0.03814,0.03430,0.03318,0.03248,0.03202,0.02797,0.03073,0.03078,0.03504,0.03556,0.03439,0.03389,0.03362,0.03812,0.03805,0.04205,0.04327,0.04508,0.04787,0.03982,0.03570,0.04711,0.05379,0.05542,0.04377,0.04434,0.04719,0.03851,0.03479,0.03792,0.03783,0.04386,0.04517,0.04006,0.03910,0.03620,0.04339,0.04259,0.03858,0.04014,0.03875,0.03428,0.03745,0.03302,0.03293,0.03627,0.03718,0.03430,0.03155,0.02844,0.03337,0.03235,0.03260,0.03042,0.03185,0.03262,0.03236,0.03522,0.03603,0.03813,0.03740,0.04000,0.03493,0.03268,0.03661,0.03762,0.03416,0.03236,0.03170,0.03408,0.03533,0.02994,0.03046,0.03349,0.03785,0.03721,0.03520,0.03802,0.03641,0.02859,0.02904,0.03100,0.03264,0.03019,0.02788,0.03153,0.03282,0.03300,0.03518,0.03881,0.03763,0.03582,0.03318,0.03211,0.03037,0.02793,0.03250,0.03270,0.03031,0.02863,0.02589,0.02708,0.02598,0.02830,0.02777,0.03159,0.03165,0.03142,0.03295,0.02875,0.03675,0.04267,0.04428,0.03694,0.04010,0.03821,0.03826,0.03539,0.03331,0.03423,0.03493,0.03766,0.03737,0.03747,0.03780,0.03723,0.02926,0.03092,0.03197,0.03378,0.03097,0.02864,0.03022,0.03119,0.03070,0.03006,0.03162,0.03458,0.03558,0.03545,0.03326,0.03246,0.03001,0.03534,0.03175,0.03386,0.04064,0.04288,0.04138,0.03586,0.04119,0.04402,0.04223,0.04474,0.03735,0.03492,0.03601,0.03930,0.04088,0.03535,0.03285,0.03333,0.03022,0.03066,0.03161,0.03829,0.03549,0.03257,0.03422,0.03587,0.03243,0.03506,0.03813,0.03720,0.03360,0.03446,0.03258,0.03051,0.03259,0.03291,0.03171,0.03192,0.03241,0.03240,0.03411,0.03148,0.03233,0.03516,0.03371,0.03486,0.03279,0.03451,0.03367,0.03354,0.03495,0.03724,0.03506,0.03356,0.02842,0.02898,0.03013,0.03138,0.03241,0.03550,0.03490,0.03228,0.03405,0.03408,0.03486,0.03716,0.03503,0.03750,0.03768,0.03647,0.03783,0.03723,0.04114,0.03484,0.03797,0.03982,0.03612,0.04098,0.03649,0.03493,0.03268,0.03277,0.03225,0.03331,0.03200,0.03481,0.03531,0.03427,0.03513,0.04272,0.02881,0.03522,0.03175,0.03234,0.03262,0.03464,0.03662,0.03628,0.03579,0.03212,0.03809,0.03238,0.03103,0.03371,0.03236,0.03281,0.03363,0.03408,0.03343,0.03962,0.03848,0.03763,0.03503,0.03773,0.03703,0.03986,0.03617,0.03686,0.03572,0.03405,0.03608,0.03848,0.03868,0.03975,0.03334,0.03917,0.03886,0.03903,0.03510,0.03809,0.03551,0.03595,0.03504,0.03611,0.03805,0.03492,0.03913,0.03641,0.03550,0.03788,0.04382,0.04852,0.04070,0.03843,0.03938,0.04323,0.04496,0.04241,0.03915,0.03875,0.04261,0.03644,0.03400,0.04353,0.04295,0.04626,0.05210,0.04560,0.04679,0.04069,0.04703,0.04048,0.04121,0.03622,0.04026,0.04188,0.03947,0.04045,0.04225,0.04333,0.04150,0.03641,0.04036,0.03657,0.03379,0.03458,0.03444,0.03460,0.03809,0.04057,0.04223,0.03820,0.03646,0.04006,0.03848,0.03951,0.03778,0.03479,0.03526,0.03972,0.04016,0.04125,0.03763,0.03516,0.03655,0.03573,0.03540,0.03649,0.03543,0.03278,0.03505,0.03671,0.03663,0.03633,0.03456,0.03728,0.03768,0.03477,0.03663,0.03300,0.03385,0.03469,0.03324,0.03445,0.03619,
standUp,0.03551,0.04272,0.03338,0.03978,0.03342,0.04211,0.05911,0.04553,0.04015,0.04975,0.04720,0.03261,0.04948,0.04644,0.04800,0.05190,0.04220,0.03910,0.04697,0.05403,0.04643,0.06231,0.07179,0.05054,0.04399,0.04417,0.05247,0.10193,0.03882,0.06589,0.05169,0.05166,0.05235,0.04454,0.04787,0.04177,0.03298,0.03396,0.03942,0.04928,0.03687,0.03531,0.03824,0.03173,0.03569,0.03581,0.03319,0.03308,0.03370,0.02790,0.02256,0.02670,0.03809,0.02684,0.02851,0.02053,0.02671,0.02473,0.02221,0.02818,0.03114,0.03241,0.03648,0.06122,0.03769,0.02587,0.02423,0.02445,0.02867,0.02996,0.03195,0.03345,0.03572,0.04340,0.04253,0.04566,0.04526,0.04787,0.04710,0.08792,0.03864,0.04254,0.03858,0.04868,0.03249,0.03979,0.05443,0.03118,0.04444,0.03742,0.05764,0.04011,0.04208,0.04075,0.04131,0.03120,0.01309,0.02004,0.02868,0.03038,0.03276,0.02409,0.02995,0.03112,0.03953,0.03453,0.02332,0.02816,0.02101,0.02756,0.02466,0.03038,0.02726,0.03505,0.04348,0.02339,0.02283,0.02272,0.02449,0.02036,0.02068,0.02153,0.02300,0.02232,0.02996,0.04584,0.04350,0.02886,0.05892,0.03363,0.02778,0.02470,0.03046,0.02659,0.02000,0.03116,0.03024,0.03244,0.04473,0.03581,0.03622,0.01712,0.04357,0.03338,0.02610,0.03170,0.01625,0.03240,0.02537,0.02214,0.03408,0.02565,0.04665,0.05670,0.04534,0.06085,0.06355,0.03759,0.04150,0.10610,0.04989,0.05035,0.04346,0.03080,0.02917,0.03532,0.02266,0.02627,0.02489,0.03231,0.04107,0.03702,0.07696,0.02839,0.03914,0.04370,0.02577,0.03269,0.02721,0.03252,0.02390,0.02195,0.01855,0.02153,0.01912,0.02149,0.02340,0.02039,0.02202,0.03835,0.03909,0.02908,0.02442,0.02127,0.01590,0.01540,0.02202,0.02185,0.03621,0.02156,0.01408,0.02026,0.02329,0.03671,0.03804,0.04399,0.02895,0.03127,0.03057,0.03362,0.03493,0.03469,0.01756,0.01730,0.01686,0.02067,0.01456,0.01604,0.02496,0.03243,0.02873,0.03892,0.03682,0.03866,0.03479,0.02270,0.03413,0.01655,0.02388,0.02483,0.04671,0.03586,0.03027,0.02924,0.03040,0.02518,0.03691,0.04076,0.02983,0.02767,0.04102,0.02925,0.02694,0.03142,0.02827,0.02227,0.01555,0.01889,0.02113,0.02509,0.02838,0.02490,0.02248,0.02277,0.03624,0.03124,0.03634,0.04191,0.05544,0.05747,0.03358,0.02682,0.07601,0.07424,0.07152,0.04762,0.04491,0.04983,0.03371,0.03341,0.03328,0.03180,0.03463,0.03649,0.03158,0.03332,0.02855,0.04186,0.04693,0.03494,0.03450,0.02493,0.02072,0.03482,0.02351,0.02663,0.03078,0.03877,0.03178,0.02601,0.02505,0.02489,0.02624,0.02644,0.01784,0.01959,0.03275,0.03083,0.03388,0.03154,0.03195,0.02716,0.05304,0.02315,0.02059,0.02907,0.02744,0.02034,0.02321,0.01976,0.02207,0.02312,0.02100,0.01797,0.02386,0.02741,0.02692,0.02649,0.02875,0.02506,0.01701,0.01482,0.01998,0.01666,0.01590,0.01506,0.01647,0.02001,0.01930,0.02442,0.02675,0.02826,0.02750,0.03053,0.02298,0.02415,0.01708,0.02121,0.02239,0.02289,0.01745,0.01649,0.01903,0.01613,0.01823,0.01902,0.02503,0.02767,0.02540,0.02423,0.01895,0.03204,0.04523,0.05324,0.03305,0.05120,0.04500,0.04190,0.03437,0.02555,0.02547,0.02785,0.04403,0.04714,0.03511,0.04296,0.04147,0.02234,0.02202,0.02330,0.03042,0.01985,0.01857,0.01636,0.01833,0.01752,0.01697,0.01786,0.02371,0.02545,0.02259,0.02051,0.01903,0.02142,0.03659,0.02577,0.03117,0.04507,0.04221,0.03753,0.03106,0.04605,0.07169,0.05440,0.05924,0.03019,0.02372,0.02850,0.03218,0.02923,0.02376,0.01920,0.02021,0.01850,0.01869,0.02046,0.02648,0.02370,0.03047,0.04224,0.05471,0.03167,0.03269,0.03224,0.03418,0.02066,0.02183,0.01832,0.02053,0.02202,0.01759,0.02175,0.02042,0.02002,0.01917,0.01966,0.01871,0.02038,0.02076,0.02163,0.01930,0.02289,0.02552,0.01860,0.02515,0.02881,0.03010,0.02723,0.02502,0.01741,0.01606,0.01904,0.01578,0.02421,0.02145,0.02285,0.02180,0.02798,0.02691,0.02455,0.02929,0.02563,0.03181,0.02791,0.02740,0.02725,0.02843,0.05902,0.04188,0.04203,0.03649,0.02736,0.03602,0.02464,0.02219,0.02067,0.01612,0.01705,0.01921,0.02167,0.02026,0.02433,0.02190,0.02262,0.05996,0.02254,0.03071,0.02048,0.02034,0.02188,0.02552,0.02660,0.02652,0.02286,0.02117,0.04087,0.03198,0.02205,0.02403,0.02725,0.01992,0.01859,0.02217,0.02134,0.02683,0.02965,0.02805,0.02459,0.02417,0.02143,0.02793,0.02367,0.02289,0.02290,0.01922,0.02763,0.03092,0.03596,0.04741,0.02019,0.02939,0.03274,0.03203,0.02670,0.02757,0.02410,0.02518,0.02880,0.02988,0.02400,0.02093,0.02790,0.01923,0.01916,0.02577,0.03832,0.05332,0.02867,0.03726,0.03785,0.05044,0.03760,0.03807,0.02987,0.03210,0.03696,0.02870,0.02123,0.05513,0.03469,0.04514,0.05259,0.03523,0.04094,0.03006,0.05166,0.03687,0.03798,0.02765,0.03773,0.04708,0.03299,0.03336,0.03029,0.04069,0.04095,0.02448,0.04117,0.02725,0.01982,0.02041,0.02804,0.02504,0.02498,0.02868,0.03367,0.02650,0.02215,0.02454,0.02377,0.02480,0.02317,0.02100,0.02328,0.02972,0.03294,0.03784,0.02232,0.02132,0.02154,0.01897,0.01913,0.01997,0.02025,0.01989,0.01848,0.01966,0.01862,0.01972,0.02260,0.02610,0.03464,0.01867,0.02472,0.01795,0.02517,0.02180,0.01870,0.02056,0.02896,
standUp,0.03574,
upstairs,0.51384,0.46532,0.44710,0.48335,0.45653,0.46994,0.50237,0.52392,0.59708,0.50750,0.50248,0.44925,0.51544,0.48247,0.45791,0.45432,0.44288,0.38933,0.47473,0.48969,0.54945,0.45135,0.47465,0.48207,0.47536,0.47711,0.51129,0.50033,0.48366,0.57137,0.51754,0.49253,0.48829,0.55416,0.52822,0.44637,0.41510,0.50290,0.49472,0.44186,0.46519,0.51631,0.45147,0.51531,0.49948,0.45275,0.47002,0.47877,0.46933,0.47686,0.48494,0.45427,0.49736,0.49465,0.52054,0.47713,0.48607,0.52740,0.47487,0.51971,0.54941,0.56560,0.45405,0.44174,0.54152,0.57203,0.51203,0.50653,0.47367,0.47513,0.43584,0.46992,0.45458,0.44356,0.53942,0.52618,0.49064,0.45921,0.50807,0.50113,0.49101,0.48853,0.44373,0.49349,0.47023,0.45504,0.51018,0.43970,0.47413,0.53937,0.51647,0.47971,0.54496,0.52749,0.60159,0.52436,0.50680,0.55834,0.51054,0.51169,0.50840,0.57502,0.51886,0.55590,0.52343,0.57754,0.57865,0.52912,0.61870,0.55360,0.47192,0.47961,0.50407,0.52694,0.49102,0.46427,0.56634,0.60677,0.50334,0.51257,0.47602,0.45293,0.44233,0.53298,0.54486,0.50541,0.48948,0.47784,0.48619,0.48366,0.52420,0.63842,0.51636,0.52243,0.55930,0.48413,0.52460,0.49379,0.43305,0.42814,0.55628,0.49597,0.54508,0.56332,0.51350,0.55164,0.55880,0.49698,0.44456,0.44080,0.43868,0.50317,0.50750,0.51359,0.49981,0.51495,0.55812,0.52979,0.55938,0.49162,0.55789,0.49811,0.47602,0.44161,0.47338,0.47997,0.43075,0.49970,0.51272,0.54167,0.54395,0.49392,0.61374,0.52474,0.52170,0.46436,0.45345,0.48316,0.45630,0.48876,0.50452,0.47443,0.55724,0.55112,0.55825,0.53859,0.49882,0.51075,0.53395,0.50515,0.52754,0.53991,0.46184,0.43844,0.55075,0.56703,0.43384,0.42354,0.41566,0.42931,0.46639,0.54398,0.43393,0.38919,0.48424,0.44034,0.49514,0.45446,0.48661,0.53856,0.49368,0.45284,0.39305,0.49414,0.45865,0.47072,0.55168,0.42819,0.43358,0.47990,0.49907,0.55550,0.54823,0.49911,0.48977,0.53339,0.49118,0.50792,0.46393,0.49216,0.54190,0.43366,0.46996,0.48019,0.43970,0.45518,0.47683,0.45715,0.45427,0.45082,0.40890,0.45315,0.44228,0.46937,0.56633,0.45925,0.48159,0.42927,0.45940,0.45424,0.50321,0.46855,0.51230,0.58720,0.50091,0.51997,0.49268,0.45412,0.52519,0.51479,0.46899,0.43504,0.51154,0.45035,0.41858,0.41065,0.41216,0.44226,0.49442,0.48341,0.52661,0.43641,0.44925,0.47460,0.48119,0.46459,0.43405,0.49053,0.43312,0.49218,0.47594,0.49305,0.48528,0.54192,0.48579,0.45070,0.42341,0.50199,0.41554,0.46687,0.45651,0.48282,0.48023,0.47772,0.49898,0.57284,0.58162,0.47644,0.40378,0.40548,0.45374,0.44831,0.44374,0.43144,0.42654,0.50546,0.47260,0.44611,0.46690,0.47017,0.48182,0.44066,0.40911,0.52233,0.49167,0.51201,0.53300,0.50236,0.48195,0.53868,0.49781,0.52974,0.56954,0.61256,0.48377,0.41144,0.42221,0.38564,0.39115,0.42853,0.45571,0.46836,0.45492,0.43841,0.41726,0.50511,0.44089,0.46108,0.50824,0.49022,0.45697,0.44770,0.51673,0.55215,0.46102,0.50622,0.49196,0.48494,0.50853,0.40362,0.48515,0.42991,0.45784,0.48895,0.42743,0.47735,0.41309,0.41006,0.43637,0.36634,0.37815,0.42069,0.40609,0.41197,0.40299,0.47718,0.45330,0.48194,0.50382,0.58899,0.45899,0.46970,0.43782,0.46366,0.43248,0.46412,0.56767,0.50112,0.45336,0.48107,0.53224,0.52877,0.47305,0.51976,0.49341,0.50241,0.48049,0.48031,0.44639,0.48569,0.41172,0.43799,0.45308,0.38816,0.50118,0.50141,0.45656,0.55579,0.48424,0.42222,0.45571,0.51384,0.46758,0.41504,0.44035,0.43308,0.48506,0.46682,0.45603,0.50160,0.49844,0.42673,0.45861,0.46568,0.52671,0.43475,0.47753,0.52306,0.45547,0.39338,0.39323,0.40530,0.41312,0.44031,0.42860,0.48321,0.42867,0.44838,0.41880,0.45824,0.41929,0.45813,0.49365,0.42162,0.43995,0.44831,0.44924,0.47680,0.47467,0.42062,0.47967,0.48804,0.45181,0.48789,0.46254,0.46794,0.47286,0.46414,0.48497,0.44894,0.43206,0.41048,0.44973,0.45486,0.48107,0.47928,0.47473,0.46085,0.50324,0.48751,0.39565,0.40624,0.44495,0.40880,0.43443,0.45332,0.45934,0.52006,0.50519,0.47039,0.51194,0.45376,0.42529,0.48396,0.50827,0.51914,0.45896,0.42853,0.46179,0.45246,0.50069,0.52566,0.43226,0.45082,0.47800,0.39196,0.44771,0.43154,0.43475,0.43749,0.43582,0.42479,0.47442,0.47619,0.55857,0.42958,0.40621,0.41020,0.46449,0.44844,0.48848,0.51025,0.51269,0.53868,0.47946,0.45926,0.41449,0.43050,0.43832,0.36189,0.40640,0.47067,0.43548,0.44977,0.48460,0.46934,0.47952,0.46478,0.49085,0.53887,0.45621,0.45568,0.42382,0.42803,0.44022,0.45207,0.47591,0.57874,0.60076,0.41790,0.45008,0.52783,0.43215,0.43140,0.46466,0.41512,0.40299,0.42423,0.45851,0.43837,0.54532,0.48884,0.55234,0.50496,0.46275,0.47945,0.50325,0.46782,0.47889,0.48501,0.44862,0.50714,0.51058,0.50436,0.41160,0.53952,0.60701,0.48871,0.44459,0.40893,0.44752,0.39190,0.39902,0.36923,0.44116,0.47543,0.43051,0.48730,0.40102,0.43768,0.42224,0.44005,0.48214,0.47963,0.46908,0.44698,0.42893,0.35372,0.41598,0.44035,0.43556,0.49395,0.47830,0.48546,0.45293,0.56646,0.42247,0.51147,0.64851,0.53939,0.52873,0.51839,0.43400,0.44996,0.42601,0.40847,0.45995,0.46472,0.45761,0.46709,
upstairs,0.41269,0.30025,0.33653,0.35433,0.33518,0.45641,0.54285,0.44635,0.56057,0.31686,0.37952,0.32890,0.43282,0.33711,0.32378,0.30223,0.32349,0.25616,0.33182,0.31212,0.43660,0.29072,0.39493,0.29277,0.39589,0.38460,0.40960,0.39969,0.28605,0.65916,0.36488,0.34328,0.33034,0.47125,0.38797,0.37601,0.28438,0.39859,0.39623,0.31257,0.32889,0.50913,0.34402,0.43308,0.37331,0.23727,0.32257,0.52809,0.37430,0.35595,0.35405,0.28904,0.38861,0.40490,0.40204,0.26985,0.32057,0.39184,0.30825,0.42317,0.41360,0.53065,0.32529,0.28198,0.50411,0.52677,0.37227,0.28646,0.26898,0.38559,0.32346,0.36154,0.26453,0.25031,0.47466,0.35992,0.36600,0.28810,0.33047,0.36355,0.40955,0.30027,0.29139,0.33946,0.32756,0.29909,0.41924,0.23333,0.28125,0.35729,0.30476,0.27589,0.32053,0.34836,0.49433,0.36243,0.31698,0.46603,0.37558,0.37001,0.31539,0.45518,0.40453,0.45260,0.39591,0.41979,0.45635,0.35833,0.49635,0.36289,0.29312,0.36620,0.45496,0.39910,0.30147,0.30132,0.42716,0.53334,0.30843,0.38152,0.34072,0.30445,0.24631,0.38737,0.31562,0.30586,0.29483,0.32055,0.30853,0.32624,0.32316,0.57913,0.27264,0.37585,0.40008,0.36292,0.36033,0.35586,0.29055,0.25823,0.59940,0.36322,0.40639,0.37095,0.37850,0.49595,0.39705,0.26403,0.22444,0.26520,0.28666,0.37693,0.38900,0.34836,0.41440,0.37972,0.35848,0.28710,0.39276,0.26368,0.42099,0.36453,0.25821,0.24610,0.31235,0.29664,0.28197,0.40704,0.33903,0.39488,0.39429,0.28801,0.58499,0.36615,0.39032,0.35144,0.27512,0.36496,0.31462,0.32469,0.31758,0.32377,0.56294,0.32285,0.36531,0.33220,0.31000,0.31886,0.44714,0.31041,0.36850,0.49117,0.26985,0.23958,0.49344,0.47613,0.37056,0.28178,0.26006,0.23930,0.28094,0.41474,0.29492,0.25465,0.39611,0.35099,0.37485,0.26876,0.37472,0.47022,0.37826,0.27382,0.26197,0.36967,0.31860,0.28546,0.39577,0.28692,0.27494,0.32657,0.39941,0.39527,0.39005,0.36320,0.30162,0.34646,0.33963,0.34541,0.29988,0.27809,0.43625,0.26026,0.34106,0.40678,0.33686,0.31747,0.27676,0.32878,0.36590,0.35110,0.18910,0.30234,0.33469,0.33180,0.73695,0.28969,0.32048,0.29284,0.29125,0.28448,0.41585,0.34050,0.31883,0.56267,0.28955,0.27908,0.34515,0.26056,0.39288,0.32387,0.32485,0.35222,0.46831,0.33416,0.28984,0.28537,0.24527,0.32352,0.40118,0.31661,0.37632,0.32249,0.36039,0.34686,0.32632,0.30808,0.29863,0.48803,0.30623,0.34641,0.28039,0.37501,0.33603,0.42587,0.38528,0.29084,0.29190,0.43213,0.19375,0.38191,0.33464,0.50589,0.35049,0.33307,0.32193,0.49836,0.62849,0.35934,0.27767,0.29892,0.32649,0.30053,0.39239,0.36960,0.36484,0.42119,0.37509,0.33875,0.34618,0.31507,0.31591,0.23014,0.25476,0.54867,0.32660,0.34073,0.47628,0.35006,0.34351,0.34696,0.35246,0.43157,0.48994,0.50489,0.34918,0.30700,0.31378,0.21160,0.29503,0.32292,0.45613,0.43419,0.32194,0.26930,0.29762,0.44626,0.28973,0.27234,0.30820,0.34837,0.26459,0.26183,0.45013,0.49388,0.33150,0.27966,0.27107,0.29339,0.53607,0.22924,0.43752,0.28651,0.35017,0.31984,0.29939,0.30481,0.37491,0.26395,0.47348,0.23861,0.21216,0.32636,0.23811,0.23761,0.21338,0.29178,0.21314,0.35748,0.34395,0.48219,0.34079,0.32098,0.29278,0.35959,0.24194,0.23973,0.51976,0.36496,0.24841,0.23782,0.33039,0.31306,0.27038,0.39585,0.42501,0.37311,0.32118,0.38034,0.28668,0.43277,0.29879,0.39908,0.35899,0.25776,0.47930,0.43766,0.35799,0.54027,0.36190,0.26399,0.32973,0.39669,0.26288,0.26128,0.26150,0.33924,0.44677,0.27736,0.31277,0.43294,0.37441,0.26763,0.30906,0.33133,0.44991,0.24816,0.32223,0.39834,0.35306,0.29649,0.32928,0.27846,0.28296,0.31900,0.40087,0.49213,0.28541,0.31781,0.26287,0.31266,0.24991,0.24990,0.30576,0.24493,0.28630,0.43851,0.32528,0.32122,0.32462,0.24533,0.28715,0.33338,0.24700,0.28812,0.28117,0.36679,0.35362,0.38388,0.39465,0.33447,0.37036,0.24906,0.29837,0.46704,0.23423,0.39109,0.25269,0.30131,0.39098,0.44153,0.22897,0.27000,0.27403,0.26532,0.31939,0.36259,0.30121,0.39697,0.31220,0.25296,0.51018,0.30851,0.30094,0.31544,0.33334,0.40719,0.32167,0.29183,0.38437,0.29820,0.46756,0.56159,0.28606,0.33773,0.33996,0.24693,0.25782,0.32036,0.27131,0.29467,0.26408,0.29167,0.33525,0.41532,0.59536,0.31006,0.25127,0.27982,0.39637,0.24851,0.33578,0.47264,0.61600,0.47859,0.33556,0.34506,0.31196,0.29748,0.36709,0.17733,0.33821,0.36847,0.30562,0.45630,0.32425,0.28024,0.30630,0.26502,0.62342,0.57059,0.33546,0.29858,0.27903,0.30744,0.33529,0.33351,0.39571,0.62905,0.60886,0.22512,0.22204,0.35305,0.25770,0.36935,0.40607,0.26826,0.23644,0.29478,0.35543,0.26368,0.48319,0.31918,0.52479,0.44387,0.28961,0.32242,0.45357,0.29102,0.30929,0.28083,0.26091,0.42125,0.35776,0.38276,0.23337,0.36536,0.49182,0.40722,0.27531,0.24706,0.27135,0.20986,0.22405,0.25831,0.56347,0.41880,0.28428,0.56485,0.27931,0.27731,0.24388,0.27497,0.27363,0.23987,0.34881,0.32330,0.42881,0.22443,0.28096,0.26145,0.24441,0.34562,0.30754,0.41907,0.29782,0.56167,0.22648,0.41293,0.61718,0.44556,0.41174,0.46629,0.21115,0.22153,0.23704,0.33358,0.40035,0.38592,0.33230,0.40497,
upstairs,0.47839,
walking,0.54938,0.57162,0.58135,0.51723,0.57294,0.62081,0.58191,0.49908,0.56627,0.49855,0.53642,0.59475,0.60156,0.60766,0.51892,0.50775,0.55524,0.52337,0.51948,0.47348,0.47467,0.50142,0.56606,0.47768,0.60369,0.54760,0.61916,0.58265,0.63413,0.60789,0.57220,0.59639,0.51085,0.60853,0.61974,0.49904,0.54426,0.56552,0.53491,0.58686,0.55324,0.54537,0.58907,0.53915,0.50799,0.48192,0.53058,0.51402,0.56200,0.48673,0.52964,0.59655,0.53638,0.51563,0.55612,0.62992,0.51828,0.55044,0.55990,0.54091,0.59219,0.58449,0.58766,0.57410,0.50974,0.61858,0.52385,0.53279,0.60822,0.62450,0.55168,0.50531,0.49258,0.54417,0.58972,0.54899,0.56730,0.50143,0.61041,0.55931,0.57237,0.58966,0.56951,0.54324,0.49765,0.53290,0.64662,0.58142,0.60346,0.60381,0.64455,0.64513,0.63866,0.54365,0.65057,0.60373,0.54386,0.51899,0.56389,0.52502,0.55789,0.53624,0.57398,0.54214,0.63966,0.61611,0.58971,0.58457,0.61200,0.53022,0.54543,0.59388,0.60228,0.67123,0.55031,0.66816,0.70568,0.65622,0.65481,0.54693,0.49888,0.68476,0.59894,0.57201,0.62199,0.53797,0.61191,0.48567,0.53882,0.59580,0.58297,0.59928,0.62447,0.52567,0.59624,0.59322,0.56924,0.59803,0.69643,0.63604,0.56821,0.69598,0.58399,0.62437,0.59952,0.69431,0.54059,0.63200,0.59739,0.62299,0.61453,0.63792,0.62918,0.63486,0.54148,0.57581,0.59790,0.55114,0.58234,0.61436,0.53661,0.59048,0.65301,0.61683,0.67254,0.63086,0.70815,0.69933,0.56152,0.64780,0.62363,0.57703,0.68115,0.64355,0.58027,0.64220,0.61263,0.63194,0.59750,0.63511,0.77220,0.62648,0.71212,0.63700,0.59333,0.66585,0.58757,0.55444,0.56580,0.77842,0.57048,0.64139,0.73063,0.77189,0.71619,0.69168,0.69319,0.62490,0.63199,0.61651,0.69986,0.63036,0.63988,0.74466,0.60974,0.71714,0.68571,0.71049,0.67902,0.69220,0.54450,0.63965,0.59905,0.59327,0.63082,0.68247,0.65563,0.61274,0.66549,0.67283,0.67417,0.67331,0.59728,0.63380,0.57007,0.63764,0.62701,0.63924,0.65457,0.66256,0.71967,0.74333,0.68945,0.66722,0.68805,0.68501,0.60036,0.61160,0.67315,0.62015,0.64389,0.73750,0.57212,0.68288,0.65480,0.66650,0.62093,0.72058,0.67389,0.66080,0.64149,0.63192,0.67444,0.67733,0.68502,0.65614,0.67418,0.75810,0.78453,0.68497,0.65816,0.66421,0.77503,0.66929,0.65122,0.63794,0.65051,0.65360,0.61224,0.75861,0.68048,0.69899,0.69326,0.74004,0.61877,0.69012,0.66914,0.64427,0.58643,0.66975,0.63721,0.66402,0.59794,0.72344,0.71627,0.84768,0.64227,0.69198,0.62031,0.76650,0.68704,0.65563,0.67283,0.61948,0.63986,0.67834,0.67227,0.64029,0.71789,0.59525,0.55184,0.63694,0.67660,0.74734,0.68671,0.76239,0.61422,0.72781,0.58153,0.70371,0.69773,0.66624,0.60043,0.73077,0.67763,0.64055,0.66767,0.65847,0.69368,0.67898,0.62965,0.63989,0.72623,0.65368,0.64284,0.61049,0.71309,0.71223,0.67543,0.66986,0.65496,0.70851,0.69921,0.61301,0.60326,0.65785,0.64209,0.66688,0.58809,0.55574,0.72310,0.72216,0.68097,0.61597,0.68723,0.76242,0.63388,0.72635,0.65235,0.71634,0.71101,0.64227,0.69291,0.68936,0.72381,0.69432,0.70664,0.71098,0.65149,0.65879,0.66860,0.60889,0.61302,0.58857,0.62725,0.66003,0.65182,0.66624,0.74350,0.66208,0.63636,0.73285,0.67238,0.67503,0.68911,0.66735,0.68639,0.68688,0.64500,0.73296,0.67250,0.70011,0.66418,0.65974,0.61931,0.70179,0.63328,0.70619,0.66428,0.55978,0.62636,0.60004,0.69957,0.65300,0.66620,0.75779,0.66558,0.74660,0.63443,0.67625,0.66076,0.66209,0.69374,0.76804,0.57949,0.78496,0.62128,0.61404,0.66379,0.70982,0.62484,0.69014,0.58681,0.63627,0.66595,0.59484,0.63266,0.63137,0.64603,0.70948,0.64469,0.71291,0.59676,0.70845,0.63371,0.66537,0.71011,0.66959,0.75377,0.64428,0.69151,0.68415,0.67441,0.74119,0.63270,0.69885,0.68766,0.74094,0.69798,0.63890,0.65729,0.70002,0.62713,0.54851,0.59765,0.71078,0.64348,0.72907,0.61920,0.65729,0.75598,0.73939,0.67407,0.73303,0.72092,0.65822,0.64575,0.66785,0.70878,0.65283,0.69834,0.72807,0.66214,0.66046,0.67260,0.72931,0.64567,0.73499,0.63973,0.66802,0.58499,0.60116,0.67074,0.60777,0.62461,0.64984,0.64962,0.65825,0.72474,0.74942,0.75587,0.65799,0.71637,0.57880,0.64300,0.60910,0.65891,0.68810,0.59133,0.70208,0.74803,0.67488,0.69504,0.70854,0.63560,0.66037,0.59059,0.62243,0.57621,0.57024,0.66060,0.63920,0.75918,0.73615,0.78607,0.68078,0.80600,0.73598,0.68358,0.65473,0.67033,0.65654,0.64639,0.67446,0.62054,0.69723,0.77672,0.64485,0.76013,0.72880,0.61652,0.66046,0.60221,0.63257,0.58965,0.59198,0.68053,0.68056,0.74130,0.76100,0.73564,0.65620,0.77697,0.68683,0.70850,0.66917,0.63415,0.62776,0.63809,0.59067,0.69749,0.66320,0.63359,0.70804,0.76280,0.71241,0.67281,0.70532,0.60400,0.65295,0.60166,0.62147,0.67596,0.69454,0.66273,0.76835,0.72644,0.81426,0.67525,0.73535,0.65799,0.62490,0.68545,0.62994,0.63835,0.70086,0.63880,0.56479,0.65035,0.71230,0.69872,0.70388,0.68742,0.58678,0.58113,0.66976,0.65179,0.63804,0.62176,0.68266,0.71455,0.65127,0.75556,0.72348,0.78137,0.63354,0.67638,0.61895,0.61675,0.71027,0.71683,0.73829,0.61813,0.68409,0.63081,0.72104,0.64528,0.77010,0.70224,0.64595,
walking,0.42076,0.44856,0.41929,0.31920,0.39164,0.48397,0.48228,0.35612,0.46724,0.31932,0.37603,0.58711,0.51406,0.50704,0.36032,0.39756,0.50656,0.46659,0.38207,0.31221,0.28764,0.28988,0.39964,0.27629,0.53712,0.30268,0.52778,0.36292,0.54115,0.70309,0.37737,0.41300,0.33005,0.47156,0.48658,0.36877,0.56276,0.46922,0.44905,0.49015,0.38568,0.49444,0.56783,0.40554,0.35785,0.30993,0.38528,0.38171,0.44366,0.30937,0.37881,0.51368,0.46061,0.35099,0.37902,0.54519,0.28766,0.51372,0.45770,0.36570,0.37339,0.40733,0.60107,0.40331,0.37376,0.54731,0.35925,0.37168,0.50344,0.50975,0.45153,0.33691,0.39877,0.45075,0.46706,0.42869,0.40342,0.36948,0.45899,0.43119,0.37806,0.35168,0.47821,0.40918,0.33889,0.37012,0.38953,0.33195,0.38662,0.43150,0.55420,0.47265,0.36758,0.37877,0.52147,0.47456,0.37164,0.33059,0.32359,0.32107,0.40467,0.37866,0.45235,0.38623,0.56464,0.47461,0.40701,0.43029,0.35806,0.34034,0.36498,0.34173,0.46721,0.61744,0.43975,0.50296,0.55454,0.48892,0.48180,0.35343,0.40895,0.45595,0.33387,0.35010,0.50720,0.34419,0.41776,0.37871,0.38467,0.47840,0.38237,0.44285,0.49724,0.33822,0.43716,0.46168,0.37738,0.47754,0.55021,0.36696,0.30646,0.58992,0.36245,0.39713,0.42592,0.59875,0.38088,0.52726,0.37362,0.41114,0.49114,0.45066,0.58381,0.48286,0.35530,0.40503,0.46567,0.35065,0.48192,0.46061,0.35444,0.44617,0.55921,0.53822,0.49347,0.41919,0.57375,0.56809,0.33191,0.46078,0.51730,0.33332,0.61978,0.48079,0.37777,0.39821,0.37050,0.38811,0.33983,0.39386,0.58207,0.37254,0.54024,0.38548,0.29611,0.52947,0.39564,0.30309,0.39935,0.77827,0.33895,0.48205,0.60838,0.58110,0.47842,0.50803,0.54951,0.40518,0.42282,0.44217,0.62456,0.38053,0.37655,0.56717,0.37436,0.49979,0.50961,0.40770,0.37056,0.53847,0.29100,0.34680,0.41413,0.36031,0.49667,0.54876,0.53544,0.36872,0.42357,0.47411,0.40690,0.38050,0.34458,0.37679,0.36851,0.51416,0.40963,0.47779,0.34644,0.52519,0.49608,0.45613,0.41080,0.42941,0.35652,0.49566,0.33960,0.32839,0.41603,0.34244,0.42586,0.55998,0.33998,0.43347,0.45963,0.37714,0.34848,0.53266,0.47699,0.39350,0.39833,0.56812,0.58135,0.49445,0.44948,0.56186,0.46551,0.52652,0.56831,0.33229,0.47022,0.50048,0.50542,0.31915,0.51698,0.43453,0.44673,0.39821,0.40755,0.65358,0.55850,0.45329,0.49053,0.58541,0.40968,0.41041,0.40874,0.50999,0.38592,0.51355,0.47961,0.42922,0.29826,0.50530,0.68404,0.70145,0.40458,0.42235,0.38810,0.65041,0.40090,0.47347,0.42259,0.33261,0.38732,0.42521,0.47862,0.39080,0.48698,0.30424,0.27302,0.37557,0.47093,0.53063,0.47764,0.61625,0.48185,0.56957,0.33777,0.42335,0.56553,0.39745,0.47411,0.50645,0.48924,0.51899,0.53866,0.34468,0.43923,0.41194,0.39599,0.31856,0.45918,0.35064,0.48365,0.37266,0.50138,0.39033,0.39187,0.36660,0.45917,0.47887,0.52109,0.39615,0.38538,0.52818,0.38395,0.49659,0.44231,0.28831,0.77188,0.49060,0.37869,0.41412,0.35458,0.47214,0.33564,0.58723,0.42241,0.44665,0.43416,0.34039,0.45494,0.45653,0.53150,0.45176,0.45628,0.50712,0.42814,0.55815,0.39257,0.42976,0.42564,0.38931,0.40517,0.54804,0.52548,0.38260,0.45553,0.54204,0.34903,0.53428,0.36773,0.45002,0.39470,0.54192,0.43607,0.39878,0.37332,0.41901,0.39385,0.60428,0.36514,0.46666,0.41162,0.59514,0.35625,0.60312,0.56521,0.39349,0.39007,0.35754,0.55083,0.46367,0.37649,0.49024,0.34864,0.51780,0.39907,0.49979,0.41275,0.34571,0.42038,0.55510,0.30237,0.56574,0.32048,0.37496,0.46740,0.50194,0.37902,0.45203,0.35097,0.52039,0.56157,0.37705,0.64734,0.46443,0.35900,0.45314,0.31374,0.42924,0.28866,0.39191,0.37430,0.49729,0.48026,0.37348,0.46874,0.40541,0.40560,0.41589,0.43108,0.48035,0.40391,0.51880,0.44098,0.64504,0.63269,0.54245,0.51552,0.39988,0.41285,0.30728,0.37074,0.50951,0.34358,0.46402,0.41696,0.37097,0.50183,0.47408,0.40099,0.45244,0.55599,0.37868,0.36933,0.48728,0.42906,0.36506,0.59633,0.53684,0.48753,0.51458,0.41269,0.56217,0.43258,0.65734,0.38785,0.46926,0.39466,0.38683,0.47533,0.35646,0.28447,0.36669,0.38278,0.33493,0.37055,0.48413,0.48087,0.33552,0.46452,0.36360,0.37863,0.37807,0.45607,0.52202,0.37940,0.53462,0.47643,0.39784,0.51163,0.39944,0.51677,0.39447,0.30382,0.32660,0.37480,0.26931,0.38607,0.40267,0.42698,0.39962,0.56727,0.41934,0.52770,0.41125,0.39335,0.38796,0.55973,0.42616,0.46505,0.43281,0.39131,0.48595,0.54525,0.43193,0.62992,0.44651,0.34910,0.46148,0.34849,0.42122,0.25782,0.32092,0.50729,0.42555,0.46025,0.42001,0.44131,0.37251,0.54125,0.33649,0.46854,0.38808,0.49457,0.36208,0.39816,0.39999,0.61202,0.43708,0.38238,0.52936,0.55087,0.47737,0.37151,0.50538,0.34947,0.42392,0.33984,0.40723,0.43937,0.46122,0.40651,0.52987,0.41390,0.56054,0.39007,0.44952,0.40084,0.33370,0.42653,0.44507,0.35742,0.70220,0.45334,0.37011,0.40800,0.58298,0.39298,0.46295,0.44179,0.31699,0.44255,0.41843,0.34471,0.36712,0.38478,0.48265,0.37611,0.45175,0.55873,0.44682,0.52843,0.29536,0.42077,0.34261,0.37319,0.45896,0.63640,0.55407,0.40801,0.55404,0.50671,0.50607,0.46569,0.50194,0.46211,0.43006,
walking,0.64264,
